datum_abruf,titel,datum_event,ort,beschreibung,link,quelle
2026-10-07,ServiceBürgerservice A-ZServiceportalBürgerbüroIdeen- und MängelmelderNotdienste,,Castrop-Rauxel,,https://www.castrop-rauxel.de/service/buergerservice-z,Stadt Castrop-Rauxel Kalender
2026-10-07,Meine StadtStadtinformationÜbersichtWissenswertesÜbersichtStadtgeschichteStatist,,Castrop-Rauxel,,https://www.castrop-rauxel.de/stadtinformation/stadtinformation,Stadt Castrop-Rauxel Kalender
2026-10-07,StadtinformationÜbersichtWissenswertesÜbersichtStadtgeschichteStatistikWappen un,,Castrop-Rauxel,,https://www.castrop-rauxel.de/stadtinformation/stadtinformation,Stadt Castrop-Rauxel Kalender
2026-10-07,WissenswertesÜbersichtStadtgeschichteStatistikWappen und StadtnameEhrenbürger,,Castrop-Rauxel,,https://www.castrop-rauxel.de/wissenswertes/wissenswertes,Stadt Castrop-Rauxel Kalender
2026-10-07,TourismusÜbersichtVeranstaltungenStadtporträtSehenswertesGeoportal,,Castrop-Rauxel,,https://www.castrop-rauxel.de/tourismus/tourismus,Stadt Castrop-Rauxel Kalender
2026-10-07,StadtentwicklungErneuerung der Emscherbrücke an der WartburgstraßeÜbersichtEntwi,,Castrop-Rauxel,,https://www.castrop-rauxel.de/erneuerung-emscherbruecke-wartburgstrasse,Stadt Castrop-Rauxel Kalender
2026-10-07,Erneuerung der Emscherbrücke an der Wartburgstraße,,Castrop-Rauxel,,https://www.castrop-rauxel.de/erneuerung-emscherbruecke-wartburgstrasse,Stadt Castrop-Rauxel Kalender
2026-10-07,"Entwicklung der StadtteileÜbersichtISEK MerklindeISEK StadtmittelpunktSpiel-, Sp",,Castrop-Rauxel,,https://www.castrop-rauxel.de/entwicklung-der-stadtteile/entwicklung-der-stadtteile,Stadt Castrop-Rauxel Kalender
2026-10-07,"Spiel-, Sport- und Bewegungspark am Hallenbad",,Castrop-Rauxel,,https://www.castrop-rauxel.de/entwicklung-der-stadtteile/spiel-und-sportpark-castroper-holz-am-hallenbad,Stadt Castrop-Rauxel Kalender
2026-10-07,Zukunftsfähige Innenstädte und Ortstzentren,,Castrop-Rauxel,,https://www.castrop-rauxel.de/entwicklung-der-stadtteile/zukunftsfaehige-innenstaedte-und-ortstzentren,Stadt Castrop-Rauxel Kalender
2026-10-07,MobilitätÜbersichtNahmobilitätskonzeptMitarbeit beim Nahverkehrsplan,,Castrop-Rauxel,,https://www.castrop-rauxel.de/mobilitaet/mobilitaet,Stadt Castrop-Rauxel Kalender
2026-10-07,Kultur und FreizeitÜbersichtVeranstaltungenÜbersichtVeranstaltungskalenderKirmes,,Castrop-Rauxel,,https://www.castrop-rauxel.de/kultur-und-freizeit/kultur-und-freizeit,Stadt Castrop-Rauxel Kalender
2026-10-07,VeranstaltungenÜbersichtVeranstaltungskalenderKirmesWochenmärkteMittelaltermarkt,,Castrop-Rauxel,,https://www.castrop-rauxel.de/tourismus/veranstaltungen,Stadt Castrop-Rauxel Kalender
